{
  "version": 1,
  "author": "Anonymous maker",
  "editor": "wokwi",
  "parts": [
    { "type": "board-esp32-s3-devkitc-1", "id": "esp", "top": 0, "left": 0, "attrs": {} },
    {
      "type": "wokwi-led",
      "id": "led1",
      "top": -8.1,
      "left": 159.49,
      "attrs": { "color": "blue" }
    },
    {
      "type": "wokwi-led",
      "id": "led2",
      "top": 51.94,
      "left": 227.92,
      "attrs": { "color": "yellow" }
    },
    {
      "type": "wokwi-led",
      "id": "led3",
      "top": 101.14,
      "left": 266.27,
      "attrs": { "color": "red" }
    },
    {
      "type": "wokwi-led",
      "id": "led4",
      "top": 151.39,
      "left": 304.15,
      "attrs": { "color": "green" }
    },
    {
      "type": "wokwi-buzzer",
      "id": "bz1",
      "top": -9.7,
      "left": -117.33,
      "attrs": { "volume": "0.1" }
    },
    {
      "type": "wokwi-photoresistor-sensor",
      "id": "ldr1",
      "top": 142.96,
      "left": -269.76,
      "attrs": {}
    },
    {
      "type": "wokwi-resistor",
      "id": "r1",
      "top": 143.44,
      "left": 115.34,
      "attrs": { "value": "1000" }
    },
    {
      "type": "wokwi-resistor",
      "id": "r2",
      "top": 105.26,
      "left": 113.92,
      "attrs": { "value": "1000" }
    },
    {
      "type": "wokwi-resistor",
      "id": "r4",
      "top": 67.22,
      "left": 116.53,
      "attrs": { "value": "1000" }
    },
    {
      "type": "wokwi-resistor",
      "id": "r3",
      "top": 181.77,
      "left": 111.43,
      "attrs": { "value": "1000" }
    },
    {
      "type": "wokwi-pushbutton",
      "id": "btn1",
      "top": 247.51,
      "left": -120.21,
      "attrs": { "color": "green" }
    },
    {
      "type": "wokwi-pushbutton",
      "id": "btn2",
      "top": 302.28,
      "left": -99.26,
      "attrs": { "color": "blue" }
    }
  ],
  "connections": [
    [ "esp:TX", "$serialMonitor:RX", "", [] ],
    [ "esp:RX", "$serialMonitor:TX", "", [] ],
    [ "led4:C", "esp:GND.4", "black", [ "v0" ] ],
    [ "led3:C", "esp:GND.4", "black", [ "v0" ] ],
    [ "led2:C", "esp:GND.4", "black", [ "v0" ] ],
    [ "led1:C", "esp:GND.4", "black", [ "v0" ] ],
    [ "bz1:2", "esp:7", "red", [ "v0" ] ],
    [ "bz1:1", "esp:GND.1", "black", [ "v0" ] ],
    [ "ldr1:VCC", "esp:46", "red", [ "h0" ] ],
    [ "ldr1:GND", "esp:GND.1", "black", [ "h0" ] ],
    [ "ldr1:AO", "esp:10", "green", [ "h0" ] ],
    [ "esp:42", "r4:1", "green", [ "h0" ] ],
    [ "r4:2", "led1:A", "green", [ "h12.13", "v-37.62" ] ],
    [ "esp:38", "r2:1", "green", [ "h0" ] ],
    [ "r2:2", "led2:A", "green", [ "v2.45", "h80.2" ] ],
    [ "esp:0", "r1:1", "green", [ "h0" ] ],
    [ "r1:2", "led3:A", "green", [ "v0.25", "h119.48" ] ],
    [ "esp:21", "r3:1", "green", [ "h0" ] ],
    [ "r3:2", "led4:A", "green", [ "v0" ] ],
    [ "btn1:1.r", "esp:17", "green", [ "v0" ] ],
    [ "btn1:2.r", "esp:GND.1", "black", [ "h0" ] ],
    [ "btn2:1.r", "esp:8", "green", [ "v0" ] ],
    [ "btn2:2.r", "esp:GND.1", "black", [ "h0" ] ]
  ]
}